ticker,name,sector
AAPL,Apple Inc.,Tech
MSFT,Microsoft Corporation,Tech
XOM,Exxon Mobil Corporation,Energy
JPM,JPMorgan Chase & Co.,Finance
GOOGL,Alphabet Inc.,Tech
WMT,Walmart Inc.,Retail
CVX,Chevron Corporation,Energy
BAC,Bank of America Corporation,Finance
NKE,"Nike, Inc.",Consumer Goods
TSLA,"Tesla, Inc.",Automotive
